{"cameraMode":{"drawMode":0,"name":"Shaded","section":"Shading Mode"},"sceneLighting":true,"audioPlay":false,"sceneViewState":{"m_AlwaysRefresh":false,"showFog":true,"showSkybox":true,"showFlares":true,"showImageEffects":true,"showParticleSystems":true,"showVisualEffectGraphs":true,"m_FxEnabled":true},"in2DMode":false,"pivot":{"x":0.13302844762802125,"y":0.3207968473434448,"z":2.0481045246124269},"rotation":{"x":-0.009309174492955208,"y":-0.006902160122990608,"z":0.00006446145562222227,"w":-0.9999340176582336},"size":2.027418375015259,"orthographic":false}