{"cameraMode":{"drawMode":0,"name":"Shaded","section":"Shading Mode"},"sceneLighting":true,"audioPlay":false,"sceneViewState":{"m_AlwaysRefresh":false,"showFog":true,"showSkybox":true,"showFlares":true,"showImageEffects":true,"showParticleSystems":true,"showVisualEffectGraphs":true,"m_FxEnabled":true},"in2DMode":false,"pivot":{"x":-0.004858285654336214,"y":-0.05239260941743851,"z":2.50374698638916},"rotation":{"x":-0.009309174492955208,"y":-0.006902160122990608,"z":0.00006446145562222227,"w":-0.9999340176582336},"size":0.3418429493904114,"orthographic":false}