{"cameraMode":{"drawMode":0,"name":"Shaded","section":"Shading Mode"},"sceneLighting":true,"audioPlay":false,"sceneViewState":{"m_AlwaysRefresh":false,"showFog":true,"showSkybox":true,"showFlares":true,"showImageEffects":true,"showParticleSystems":true,"showVisualEffectGraphs":true,"m_FxEnabled":true},"in2DMode":false,"pivot":{"x":-90.30709075927735,"y":-0.09579508006572724,"z":2.498500108718872},"rotation":{"x":-0.009309174492955208,"y":-0.006902160122990608,"z":0.00006446145562222227,"w":-0.9999340176582336},"size":1.9322819709777833,"orthographic":false}